{
  "examples": [
    {
      "original_image_path": "/home/aditwhorra_nl/Outside-the-Box/final_experiments/MNIST_0-6/norm_bounded_eps_1/images/original/e78e45a1-9838-4e9c-8e5f-550c3122cad2.jpg",
      "pertubed_image_path": "/home/aditwhorra_nl/Outside-the-Box/final_experiments/MNIST_0-6/norm_bounded_eps_1/images/adversarial/e78e45a1-9838-4e9c-8e5f-550c3122cad2.jpg",
      "label": 3,
      "example_type": "known",
      "model_confidnce": 0.5987679958343506,
      "monitor_confidences": [
        0.5332000213857259,
        0.04443668679599878,
        0,
        0
      ],
      "image_distance": 0.7564894108858604
    },
    {
      "original_image_path": "/home/aditwhorra_nl/Outside-the-Box/final_experiments/MNIST_0-6/norm_bounded_eps_1/images/original/6a12141b-2bc6-44cd-97b5-483cd1d4724f.jpg",
      "pertubed_image_path": "/home/aditwhorra_nl/Outside-the-Box/final_experiments/MNIST_0-6/norm_bounded_eps_1/images/adversarial/6a12141b-2bc6-44cd-97b5-483cd1d4724f.jpg",
      "label": 3,
      "example_type": "known",
      "model_confidnce": 0.47971487045288086,
      "monitor_confidences": [
        0.5397818986090145,
        0.02336245675646229,
        0,
        0
      ],
      "image_distance": 0.7529446112964082
    },
    {
      "original_image_path": "/home/aditwhorra_nl/Outside-the-Box/final_experiments/MNIST_0-6/norm_bounded_eps_1/images/original/8e8ca9b2-610f-4731-86fa-666020a9fb64.jpg",
      "pertubed_image_path": "/home/aditwhorra_nl/Outside-the-Box/final_experiments/MNIST_0-6/norm_bounded_eps_1/images/adversarial/8e8ca9b2-610f-4731-86fa-666020a9fb64.jpg",
      "label": 5,
      "example_type": "known",
      "model_confidnce": 0.4676107168197632,
      "monitor_confidences": [
        0.5544700580665424,
        0.11994213779137791,
        0.02040899816981688,
        0
      ],
      "image_distance": 0.7644120325213435
    },
    {
      "original_image_path": "/home/aditwhorra_nl/Outside-the-Box/final_experiments/MNIST_0-6/norm_bounded_eps_1/images/original/bfa97b34-d9bf-4f8a-bccc-761b44ad48ed.jpg",
      "pertubed_image_path": "/home/aditwhorra_nl/Outside-the-Box/final_experiments/MNIST_0-6/norm_bounded_eps_1/images/adversarial/bfa97b34-d9bf-4f8a-bccc-761b44ad48ed.jpg",
      "label": 3,
      "example_type": "known",
      "model_confidnce": 0.6445847749710083,
      "monitor_confidences": [
        0.5429758359425058,
        0.04829727744188258,
        0,
        0
      ],
      "image_distance": 1.087885875714464
    },
    {
      "original_image_path": "/home/aditwhorra_nl/Outside-the-Box/final_experiments/MNIST_0-6/norm_bounded_eps_1/images/original/bd172212-e05e-4df0-a0e5-06f0246b24cd.jpg",
      "pertubed_image_path": "/home/aditwhorra_nl/Outside-the-Box/final_experiments/MNIST_0-6/norm_bounded_eps_1/images/adversarial/bd172212-e05e-4df0-a0e5-06f0246b24cd.jpg",
      "label": 3,
      "example_type": "known",
      "model_confidnce": 0.7689383029937744,
      "monitor_confidences": [
        0.5219932652074792,
        0.007214858385585255,
        0,
        0.03633160394246049
      ],
      "image_distance": 2.3588080048624174
    },
    {
      "original_image_path": "/home/aditwhorra_nl/Outside-the-Box/final_experiments/MNIST_0-6/norm_bounded_eps_1/images/original/34a00c46-b595-4aa1-9d44-064b38e52022.jpg",
      "pertubed_image_path": "/home/aditwhorra_nl/Outside-the-Box/final_experiments/MNIST_0-6/norm_bounded_eps_1/images/adversarial/34a00c46-b595-4aa1-9d44-064b38e52022.jpg",
      "label": 3,
      "example_type": "known",
      "model_confidnce": 0.4874458611011505,
      "monitor_confidences": [
        0.5055425388339172,
        0.050912555996617426,
        0,
        0.0025306962620636124
      ],
      "image_distance": 2.5523835212887227
    }
  ],
  "perturbation_info": {
    "perturbation_type": "norm_bounded",
    "eps": 1
  },
  "min_dist": 0.7529446112964082,
  "norm_min_dist": 0.07529446112964082,
  "adv_ratio": 0.0008584919158677923,
  "norm_adv_ratio": 0.9991415080841322,
  "num_misclassifications_for_iteration": [
    1,
    4,
    5,
    5,
    5,
    5,
    6,
    7,
    7,
    7
  ],
  "num_adversarial_for_iteration": [
    3,
    4,
    4,
    4,
    4,
    4,
    5,
    6,
    6,
    6
  ]
}